18,"Abraham, Martin And John"
18,"Achy Breaky Heart (a.k.a. Don't Tell My Heart)"
19,"Addams Family Theme, The"
20,"Adios, Au Revoir, Auf Wiedersehn"
20,"Across The Alley From The Alamo"
21,"Afternoon Delight"
22,"After You've Gone"
22,"Ain't Misbehavin'"
23,"Ain't No Woman (Like The One I've Got)"
24,"Alabama Jubilee"
24,"Air Mail Special"
25,"Alexander's Ragtime Band"
26,"Alabamy Bound"
26,"Alfie"
27,"All Alone Am I"
28,"All Alone"
28,"All At Once You Love Her"
29,"All By Myself (Eric Carmen)"
29,"All By Myself (Irving Berlin)"
30,"All Ask Of You"
31,"All I Have To Do Is Dream"
31,"All Of Me"
32,"All Of You"
32,"All Shook Up"
33,"All The Things You Are"
33,"Allo En El Rancho Grande (My Ranch)"
34,"All You Need Is Love"
35,"Allegheny Moon"
35,"Alley Cat Song"
36,"Almost Paradise (Love Theme From Footloose)"
36,"Always"
37,"Always Something There To Remind Me, (There's)"
38,"Always True To You In My Fashion"
39,"Amen"
40,"Amazing Grace"
40,"America"
41,"America The Beautiful"
41,"Among My Souvenirs"
42,"And So It Goes"
43,"Anniversary Song"
43,"Anniversary Waltz, The"
44,"Annie's Song"
44,"Another Op'nin', Another Show"
45,"Answer Me, My Love"
46,"Any Day Now"
47,"Anything You Can Do"
48,"Apache"
48,"April In Paris"
49,"April In Portugal"
49,"Are You Lonesome Tonight?"
50,"Are You My Love?"
50,"Are You Sincere 51+ Aren't You Glad You're You"
51,"Arrivederci Roma (Goodbye To Rome)"
52,"As If We Never Said Goodbye"
53,"As Tears Go By"
54,"As Long As He Needs Me"
54,"At My Front Door"
55,"At Sundown"
55,"Auf Wiedersehn"
56,"Auld Long Syne"
56,"Autumn In New York"
57,"Baby Elephant Walk"
57,"Baby, It's You"
58,"Baby Baby"
59,"Baby Mine"
60,"Baby (You've Got What It Takes)"
60,"Back In Your Own Backyard"
61,"Ballade Pour Adeline"
62,"Bali Ho'i"
62,"Ballerina"
63,"Band Of Gold"
63,"Battle Hymn Of The Republic"
64,"Be A Clown"
64,"Be Careful, It's My Heart"
65,"Beautiful Morning, (It's A)"
66,"Be My Life's Companion"
67,"Beach Baby"
68,"Beautiful Ohio"
68,"Beauty And The Beast"
69,"Beer Barrel Polka (Roll Out The Barrel)"
70,"Bein' Green"
70,"Bells Of St. Mary's, The"
71,"Bernie's Tune"
71,"Bell Bottom Trousers"
72,"Best Thing That Ever Happened To Me"
72,"Best Things In Life Are Free, The"
73,"Betty Boop"
73,"Bewitched"
74,"Beyond The Blue Horizon"
74,"Beyond The Sea a nee nn ee eee"
75,"Bill"
75,"Bible Tells Me So, The"
76,"Bill Bailey"
76,"Billy, Don't Be A Hero"
77,"Bird Dog"
78,"Bimbombey"
78,"Black Magic Woman"
79,"Black Slacks"
80,"Blossom Fell, A"
80,"Blue Hawaii"
81,"Blue On Blue"
81,"Blue Skies"
82,"Blue Room, The"
82,"Blueberry Hill"
83,"Blue Suede Shoes"
83,"Blue Velvet"
84,"Bo Diddley"
84,"Body And Soul:"
85,"Bony Moronie"
86,"Bonanza"
86,"Book Of Love"
87,"Boot Scootin' Boogie"
88,"Born To Be Wild"
88,"Borsalino (Generique)"
89,"Bouquet Of Roses"
90,"Boy Without A Girl, A"
90,"Brady Bunch, The"
91,"Boys Are Back In Town, The"
92,"Brand New Me, A"
93,"Breaking Up Is Hard To Do"
94,"Brandy (You're A Fine Girl)"
94,"Brother Sun, Sister Moon"
95,"Bubbles In The Wine"
96,"Buckle Down, Winsocki"
96,"But Beautiful"
97,"Button Up Your Overcoat"
97,"By The Beautiful Sea"
98,"Buttons And Bows"
98,"By Myself"
99,"Bye And Bye"
100,"Bye Bye Baby"
100,"Bye Bye Love"
101,"Bobby Sox To Stockings"
101,"Bye Bye Blues"
102,"C'est Magnifique"
102,"Co, Cest L'amour"
103,"Calendar Girl"
104,"California, Here I Come"
104,"Call Me Irresponsible"
105,"Camelot"
106,"Call Me"
106,"Can't Get Used To Losing You"
107,"Can't Help Falling In Love"
107,"Can't Help Lovin' Dot Man a eae"
108,"Candida"
108,"Candy"
109,"Caravan"
109,"Careless"
110,"Carolina In The Morning"
110,"Carolina Moon"
111,"Casper The Friendly Ghost"
111,"Cecilia (Does Your Mother Know You're Out)"
112,"Cat's In The Cradle"
113,"Celebrate"
114,"Change Partners"
114,"Chantilly Lace"
115,"Chanson D'amour (The Ra-Da-Da-Da-Da Song)"
115,"Charley, My Boy"
116,"Charlie Brown"
116,"Cheek To Cheek"
117,"""Cheers,"" Theme from (Where Everybody Knows Your Name)"
118,"Cherokee (Indian Love Song)"
118,"Cherry Pink And Apple Blossom White"
119,"Chickery Chick"
119,"Chloe"
120,"Chi-Baba Chi-Baba (My Bambino Go To Sleep)"
120,"Cinco Robles (Five Oaks)"
121,"Choo Choo Ch' Boogie"
122,"Climb Ev'ry Mountain"
122,"Closer I Get To You, The"
123,"Cocktails For Two"
123,"Coffee Song, The (They've Got An Awful Lot Of Coffee In Brazil)"
124,"Collegiate"
124,"Colonel Bogey March"
125,"Color My World"
125,"Come, Josephine In My Flying Machine (Up She Goes!)"
126,"Come Back To Me"
126,"Come Saturday Morning (a.k.a. Saturday Morning)"
127,"Come Rain Or Come Shine"
127,"Come Together"
128,"Comedy Tonight"
128,"Comes Love"
129,"Coming Around Again"
130,"Consider Yourself"
130,"Constant Craving"
131,"Cool Jerk"
132,"Cool Water"
132,"Cottage For Sale, A"
133,"Cotton Fields (The Cotton Song)"
133,"Count Your Blessings Instead Of Sheep"
134,"Country Style"
134,"Cousins (Love Theme)"
135,"Cow-Cow Boogie"
136,"Cruising For Bruising"
136,"Cry I"
137,"Cry Me A River"
138,"Crying In The Chapel"
138,"Dancing On The Ceiling"
139,"Danger Zone"
140,"Daddy Don't You Walk So Fast"
140,"Dance With A Dolly (With A Hole In Her Stockin')"
141,"Darktown Strutters' Ball, The"
142,"Darling, Je Vous Aime Beaucoup"
142,"Darn That Dream"
143,"Day By Day"
143,"Day In The Life Of A Fool, A (Manha De Carnaval)"
144,"Day The Rains Come, The"
144,"Day-0 (The Banana Boat Song)"
145,"Dear Hearts And Gentle People"
146,"Dear John"
146,"Dearly Beloved"
146,"Deep In The Heart Of Harlem 148: Desafinado (Slightly Out Of Tune)"
147,"Desert Song, The"
149,"Detour"
149,"Detroit City"
150,"Devil In Her Heart"
151,"Did You Ever See A Dream Walking?"
151,"Did Your Mother Come From Ireland?"
152,"Devil Or Angel"
152,"Devil's Got Your Tongue"
153,"Different Worlds"
154,"Dede Dinah"
154,"Do! Love You Because You're Beautiful?"
155,"Dinner For One, Please James"
155,"Dixie"
156,"Do! Hear A Waltz?"
157,"Does She Ever Remind You Of Me"
158,"Do You Know What It Means To Miss New Orleans"
158,"Do You Wanna Make Love"
159,"Do-Re-Mi"
160,"Doin' What Comes Natur'lly"
161,"Doctor, My Eyes"
161,"Dolores"
162,"Don't Stand So Close To Me"
163,"Down Among The Sheltering Palms"
163,"Dream A Little Dream Of Me"
164,"Don't Be Cruel (To A Heart That's True)"
164,"Don't Cry Out Loud"
165,"Don't Pull Your Love"
166,"Dream Weaver"
167,"Dreamer's Holiday, A"
167,"Duke Of Earl"
168,"Early Autumn"
168,"Enst Of The Sun (And West Of The Moon)"
169,"Easter Parade"
169,"Easy To Love (a.k.a. You'd Be So Easy To"
170,"Edelweiss"
170,"Eight Days A Week"
171,"Entertainer, The"
171,"Entertainment Tonight"
172,"El Relicario (Shrine Of Love)"
173,"Endlessly"
174,"Endless Love"
175,"End Of The Road"
176,"Ev'ry Street's A Boulevard (In Old New"
176,"Everybody's Got A Home But Me"
177,"Everybody's Talkin' (Echoes)"
177,"Exactly Like You"
178,"Ev'rybody's Somebody's Fool"
178,"Ev'rything I've Got"
179,"Evalina Coffey (The Legend Of)"
180,"Ev'rything I Love"
180,"Every Woman In The World"
181,"Everything's Coming Up Roses"
182,"Every Heartbeat"
183,"Every Breath You Take"
184,"Eternally"
184,"Exodus Song, The"
185,"Even The Nights Are Better"
186,"Falling In Love With Love"
186,"Fine Romance, A"
187,"Fanny"
187,"Fascination"
188,"Fields Of Gold"
189,"Folks Who Live On The Hill, The"
189,"Fool Such As I, A (Now And Then There's)"
190,"Feelings (Dime?)"
190,"For Away Places"
191,"Feudin' And Fightin'"
192,"Felicidade, A"
192,"Follow Me"
193,"Flip, Flop And Fly"
194,"Fly Me To The Moon (in Other Words)"
194,"For All We Know"
195,"Foggy Day, A"
195,"For You, For Me, For Evermore"
196,"Flat Foot Floogie"
196,"Fly Away"
197,"For The Good Times"
198,"Flying Home"
198,"Footloose"
199,"Funny Girl"
200,"For Me And My Gal"
200,"Friendship"
201,"From This Moment On"
202,"For Your Precious Love"
202,"Gentle On My Mind"
203,"Get Back"
203,"Getting To Know You"
204,"Gambler, The"
206,"Georgy Girl"
206,"Get Me To The Church On Time"
207,"Ghost, Theme from"
208,"Gigi"
208,"I Don't Stand A Ghost Of A Chance"
209,"Gimme A Little Kiss (Will Ya Huh?)"
209,"Girl That I Marry, The"
210,"Girl Who Used To Be Me, The"
211,"Give A Little Whistle"
211,"Give My Regards To Broadway"
212,"Girl Talk"
212,"Glad To Be Unhappy"
213,"Got To Get You Into My Life"
214,"Glory Of Love, The"
214,"Gone With The Wind"
215,"Godfather II"
215,"Godfather Waltz, The"
216,"Good Man Is Hard To Find, A"
216,"Goodnight, Irene"
217,"Goodnight, It's Time To Go"
217,"Got A Date With An Angel"
218,"Glow Worm, The"
218,"Goin' Out Of My Head"
219,"Gonna Get Along Without Ya Now"
220,"Gonna Build A Mountain"
220,"Good Day Sunshine"
221,"Good Luck Charm"
222,"Grease"
222,"Great Balls Of Fire"
223,"Guitar Boogie Shuffle"
224,"Guilty"
225,"Gone Fishin'"
226,"Girls Just Want To Have Fun"
227,"Godfather, The (Love Theme) (Speak Softly, Love)"
227,"Guy Is A Guy, A"
227,"Speak Softly, Love (Love Theme from The Godfather)"
228,"Hail To The Chief"
228,"Halleluja"
229,"Hail, Hail, The Gang's All Here"
229,"Halls Of Ivy, The"
230,"Hallelujah I Love Him (Her) So"
230,"Happy Birthday Sweet Sixteen"
231,"Happy Days"
232,"Hang On Sloopy"
232,"Happy Talk"
233,"Happy Holiday"
233,"Happy Trails"
234,"Happy Wanderer, The"
234,"Happy, Happy Birthday Baby"
235,"Harlem Nocturne"
236,"Harbor Lights"
236,"Havah Nagilah"
237,"Have I Told You Lately"
238,"Have You Ever Been Lonely? (Have You Ever Been Blue?)"
238,"Have You Met Miss Jones?"
239,"He Will Break Your Heart (a.k.a. He Don't Love You (Like I Love You))"
239,"Hello"
240,"Have You Looked Into Your Heart"
240,"Heat Is On, The"
241,"Heigh-Ho"
242,"Heart And Soul"
242,"Hearts Of Stone"
243,"Hello, Young Lovers"
244,"Heat Wave"
244,"Hello, Goodbye"
245,"Here In My Arms"
246,"Help!"
246,"Hey Liley, Liley Lo (Married Man Gonna Keep Your Secret)"
247,"Here's That Rainy Day"
247,"Hey, Good Lookin'"
248,"Here, There And Everywhere"
248,"Hi-Diddle-Dee-Dee (An Actor's Life For Me)"
249,"Hindustan"
249,"His Latest Flame"
250,"Hit The Road To Dreamland"
250,"Hold Me"
251,"Honey"
251,"Houston"
252,"Honeysuckle Rose"
252,"Hopelessly Devoted To You"
253,"How Deep Is The Ocean (How High Is The Sky)"
254,"Hound Dog"
254,"How Are Things In Glocca Morra"
255,"How Can You Mend A Broken Heart"
256,"How Deep Is Your Love"
256,"How Long"
257,"Hushabye"
258,"How 'Ya Gonna Keep 'em Down On The Farm? (After They've Seen Paree)"
258,"Hurt So Bad"
259,"Hurting Each Other"
259,"Hush Hush, Sweet Charlotte"
260,"I Ain't Got Nobody (And Nobody Cares For Me)"
260,"I Almost Lost My Mind"
261,"I Apologize"
261,"I Beg Of You"
262,"I Believe"
262,"I Can't Get Started"
263,"I Can't Help tt (If I'm Still In Love With You)"
263,"I Con Dream, Can't I?"
264,"I Concentrate On You"
264,"I Con't Stand It"
265,"I Could Have Danced All Night"
266,"I Could Write A Book"
266,"I Couldn't Live Without Your Love"
267,"I Didn't Know What Time It Was"
267,"I Don't Know Why (I Just Do)"
268,"I Don't Want To Set The World On Fire"
268,"I Don't Care If The Sun Don't Shine"
269,"I Don't Want To Walk Without You"
269,"I Get Along Without You Very Well (Except Sometimes)"
270,"I Enjoy Being A Girl"
270,"I Get Ideas"
271,"I Got The Sun In The Morning"
272,"I Got A Woman"
272,"I Got It Bad And That Ain't Good"
273,"I Hadn't Anyone Till You"
274,"I Have"
274,"I Have Dreamed"
275,"I Love A Piano"
276,"I Hear Music"
276,"I Love Paris"
277,"I Love You"
277,"I Love You (Cole Porter)"
278,"I Love You Truly"
278,"I Made It Through The Rain"
279,"I Miss You So"
280,"I Need Your Love Tonight"
280,"I Never Knew"
281,"I Only Want To Be With You"
282,"I Remember It Well"
283,"I Really Don't Want To Know"
284,"I Remember You"
284,"I Shot The Sheriff"
285,"I Started A Joke"
286,"I Talk To The Trees"
286,"I Understand (Just How You Feel)"
287,"I Walk The Line"
287,"I Want A Girl (Just Like The Girl That Married Dear Old Dad)"
288,"I Wanna Be Loved"
288,"I Wont You, I Need You, I Love You"
289,"I Whistle A Happy Tune"
290,"I Will Survive"
291,"I Will Wait For You"
291,"I Wish I Didn't Love You So"
292,"I Wish I Could Shimmy Like My Sister Kate"
292,"I Wish I Were In Love Again"
293,"I Won't Dance"
294,"I'd Climb The Highest Mountain"
294,"I'd Love You To Want Me"
295,"I'd Rather Be Blue Over You"
296,"I'll Be Around"
296,"I'll Be Home"
297,"I'll Be Seeing You"
297,"I'll Follow The Sun"
298,"I'll Get By (As Long As I Have You)"
298,"I'll Take Romance"
299,"I'm A Man"
299,"I'm Always Chasing Rainbows"
300,"I'm Beginning To See The Light"
300,"I'm Confessin' (That I Love You)"
301,"I'm Gonna Wash That Man Right Outa My Hair"
302,"I'm Just A Lucky So And So"
302,"I'm Not Lisa"
303,"I'm Old Fashioned"
304,"I'm Wishing"
304,"I'm Popeye The Sailor Man"
305,"I've Got Love On My Mind"
305,"I've Got No Strings"
306,"I've Got My Love To Keep Me Warm"
306,"I've Got The World On A String"
307,"I've Got You Under My Skin"
308,"I've Grown Accustomed To Her Face"
308,"I've Told Ev'ry Little Stor"
309,"If Ever I Would Leave You"
310,"Ice Cream, (I Scream-You Scream-We All Scream For)"
310,"If"
311,"If! Con Help Somebody"
312,"If I Fell"
312,"if! Had A Hammer (The Hammer Song)"
313,"If 1 Ruled The World"
314,"If This Isn't Love"
314,"IfI Loved You"
315,"If We Only Have Love"
316,"If You Knew Susie (Like I Know Susie)"
316,"If You Love Me, Really Love Me (Hymne A L'amour)"
317,"If You Remember Me"
318,"If You Love Somebody Set Them Free"
319,"Ill Wind (You're Blowin' Me No Good)"
319,"Imagination"
320,"Impossible Dream, The (The Quest)"
320,"In A Little Gypsy Tearoom"
321,"""In"" Crowd, The"
322,"In A Sentimental Mood"
322,"In The Chapel In The Moonlight"
323,"In The Cool, Cool, Cool Of The Evening"
323,"In The Mood"
324,"In The Still Of The Night"
325,"In The Still Of The Nite (I'll Remember)"
325,"In The Wee Small Hours Of The Morning"
326,"Indian Love Call"
326,"Inka Dinka Doo"
327,"Inside Out"
328,"Indiana (Back Home Again In Indiana)"
328,"Isle Of Copri"
328,"Isn't It Romantic?"
329,"Israelites"
329,"It Could Happen To You"
330,"Istanbul (Not Constantinople)"
330,"It All Depends On You"
331,"It Don't Mean A Thing (If It Ain't Got That Swing)"
331,"ItNever Entered My Mind"
332,"It Might As Well Be Spring"
332,"It Must Be Him I"
333,"It Only Hurts For A Little While"
334,"It Was A Very Good Year"
334,"It's A Blue World"
335,"It's A Grand Night For Singing"
335,"It's Almost Tomorrow"
336,"It's A Lovely Day Today"
336,"It's A Most Unusual Day"
337,"It's Easy To Remember"
338,"It's De-Lovely"
338,"It's Got To Be Love"
339,"It's Impossible (Somos Novios)"
340,"It's Now Or Never"
340,"It's Only A Paper Moon"
341,"It's The Same Old Shillelagh"
342,"It's Only Make Believe"
343,"It's Sad To Belong"
344,"It's Been A Long Time Comin'"
344,"It's Magic"
345,"Just Ask Your Heart"
346,"It's All Right With Me"
347,"Jingle Jangle Jingle (1 Got Spurs)"
347,"Johnson Rag"
348,"Jamaica Farewell"
348,"Java Jive"
349,"Jersey Bounce"
350,"Jerusalem, Jerusalem (Yerushala'im Shel Zahav)"
350,"Jezebel"
351,"Jive Talkin'"
352,"Julie, Do Yo Love Me"
352,"June Is Bustin' Out All Over"
353,"Just A Gigolo"
354,"Johnny One Note"
354,"Josephine Please No Lean On The Bell"
355,"Juke Box Saturday Night"
355,"June In January"
356,"Just A Little Lovin' (Will Go A Long Way)"
356,"Just In Time"
357,"Just One More Chance"
357,"K-K-K-Katy"
358,"Keep It A Secret"
358,"Ko-lu-a"
359,"Keep On Dancing"
359,"Kid, The"
360,"Kentucky Rain"
360,"Kewpie Doll"
361,"Lo Vie En Rose"
362,"Kisses Sweeter Than Wine"
362,"Ko Ko Mo (I Love You So)"
363,"Lody"
364,"Lady's In Love With You, The"
364,"Lambeth Walk"
365,"Lody Is A Tramp, The"
366,"Leave A Tender Moment Alone"
367,"Leaning On A Lamp-Post"
368,"(Lost Night) I Didn't Get To Sleep At All"
368,"Lady Of Spain"
369,"Lost Time I Saw Paris, The"
370,"Last Night On The Back Porch (I Loved Her Best Of All)"
370,"Lay Down Sally"
371,"Layla"
372,"Leave Me Alone (Ruby Red Dress)"
372,"Leaving On A Jet Plane"
373,"Let Me Entertain You"
374,"Let Me Go Lover!"
374,"Let Me Sing And I'm Happy"
375,"Let The Good Times Roll"
376,"Let There Be Love"
376,"Let's Face The Music And Dance"
377,"Let's Fall In Love"
378,"Let's Have Another Cup 0' Coffee"
378,"Let's Hear It For The Boy"
379,"Liechtensteiner Polka"
380,"Let's Take An Old-Fashioned Walk"
380,"Lies"
381,"Lift Ev'ry Voice And Sing"
382,"Like Someone In Love"
382,"Lilli Marlene"
383,"Little Arrows"
384,"Lipstick On Your Collar"
384,"Little Bird Told Me, A"
385,"Little Curly Hair In A High Chair"
385,"Little Darlin'"
386,"Little Green Apples"
387,"Little Girl Blue"
387,"Little Man You've Had A Busy Day"
388,"Little Shoemaker, The"
388,"Little Sister"
389,"Little White Lies"
390,"Livin' On A Prayer"
391,"Lonely Teardrops"
391,"Long Ago (And For Away)"
392,"Look In My Eyes Pretty Woman"
392,"Look To The Rainbow"
393,"Loop De Loop"
394,"Longest Walk, The"
395,"Long Before I Knew You"
395,"Look For The Silver Lining"
396,"Lost In The Stars"
397,"Louise"
397,"Love (Can Make You Happy)"
398,"Love Changes Everything"
399,"Love Inside, The"
400,"Love Is A Simple Thing"
400,"Love in Bloom"
401,"Love Is Here To Stay"
401,"Love Is Just Around The Corner"
402,"Love Is The Sweetest Thing"
402,"Love Letters"
403,"Love Letters In The Sand"
403,"Love, Look Away"
404,"Love...Thy Will Be Done"
405,"Love Me Or Leave Me"
406,"Love Me Tender"
406,"Love Walked In"
407,"Love Takes Time"
408,"Lover, Come Back To Me"
408,"Lullaby Of The Leaves"
409,"Lover"
410,"Love Your Spell Is Everywhere"
410,"Lovely To Look At"
411,"Lovely Way To Spend An Evening, A"
412,"Life ls Just A Bowl Of Cherries"
412,"Nice Work If You Can Get It"
413,"Maggie May"
413,"Magic Moments"
414,"Magic Carpet Ride"
415,"Make Believe"
415,"Make Someone Happy"
416,"Making Our Dreams Come True"
416,"Makin' Whoopee!"
417,"Man Without Love, A (Quando M'Innamoro)"
418,"Managua, Nicaragua"
418,"Moma From The Train (A Kiss, A Kiss), (Throw)"
419,"Mangos"
420,"Mama Look A Boo Boo"
421,"Man And A Woman, A (Un Homme Et Une Femme)"
422,"Majiana"
422,"Mandy (Irving Berlin)"
423,"Mandy (Barry Manilow)"
424,"Maria"
424,"Marie"
425,"March Of The Siamese Children, The"
425,"My Funny Valentine"
426,"Marcheta (A Love Song Of Old Mexico)"
426,"Monnix"
427,"Marvelous Toy, The"
427,"Mary's Little Boy Child"
428,"Masquerade"
428,"Massachusetts, (The Lights Went Out)"
429,"Masterpiece, The"
429,"May You Always"
430,"Me And My Shadow"
430,"Me And You And A Dog Named Boo"
431,"Mean To Me"
431,"Mele Kalikimaka"
432,"Melody Of Love"
432,"Memories"
432,"Memories Of You"
433,"Memory"
434,"Memories (Elvis Presley)"
434,"Midnight Blue"
435,"Midnight In Moscow"
435,"Midnight Sun"
436,"Midnight Train To Georgia"
436,"Mimi"
437,"Mission: Impossible Theme"
437,"Mississippi Mud"
438,"Miss You"
438,"Mister And Mississippi"
439,"Mister Meadowlark"
439,"Mister Touchdown, U.S.A"
440,"Mona Lisa"
440,"Month Of Sundays, A"
441,"Mood Indigo"
441,"Moon Love"
442,"Moonglow"
443,"Moonlight And Roses (Bring Memries Of You)"
443,"Moonlight Becomes You"
444,"Moonlight Cocktail"
444,"Moonlight In Vermont"
445,"M-O-T-H-E-R (A Word That Means The World To Me)"
445,"Most Beautiful Girl In The World, The"
446,"More Today Than Yesterday"
446,"Mountain Greenery"
447,"Mr. Ed"
448,"Mr. Lee"
448,"Mrs. Brown You've Got A Lovely Daughter"
449,"Music Goes 'Round And Around, The"
449,"Music Is The Magic, The"
450,"Music Makers"
450,"Music! Music! Music! (Put Another Nickel In)"
451,"Mutual Admiration Society"
451,"My Baby Just Cares For Me"
452,"Music Of The Night, The"
453,"Music, Maestro, Please"
454,"My Block"
454,"My Blue Heaven"
455,"My Buddy"
455,"My Favorite Things"
456,"My Cup Runneth Over"
456,"My Foolish Heart"
457,"My Ideal"
457,"My Little Corner Of The World"
458,"My Heart Belongs To Daddy"
458,"My Silent Love"
459,"My Ship"
460,"My Heart Cries For You"
460,"My Heart Stood Still"
460,"My Little Girl"
461,"My Lucky Star"
461,"My Mammy"
462,"My Heart Sings, (All Of A Sudden)"
463,"My Truly, Truly Fair"
463,"My Yiddishe Momme"
464,"My Old Flame"
464,"My Prayer"
465,"My Romance"
465,"My Sin"
466,"Nevertheless (I'm In Love With You)"
466,"Next Time I Fall, The"
468,"Nearness Of You, The"
468,"No No Hey Hey Kiss Him Goodbye"
469,"Night Chicago Died, The"
469,"Night They Invented Champagne, The"
470,"Night Has A Thousand Eyes, The"
470,"Nights In White Satin"
471,"Neither One Of Us (Wants To Be The First To Say Goodbye)"
471,"No Man Is An Island"
472,"Night Fever"
473,"Nightingale Sang In Berkeley Square, A"
474,"Nights On Broadway"
475,"No Can Do"
475,"No Other Love"
476,"No Particular Place To Go"
476,"Nobody Loves Me Like You Do"
477,"Non Dimenticar (Go Where I Send Thee)"
478,"Nowhere Man"
478,"Object Of My Affection"
479,"Odd Couple, The"
480,"Oh, Johnny Oh"
480,"Oh! Look At Me Now"
481,"Oh! My Pa-pa"
482,"Oh! What It Seemed To Be"
482,"Oh, What A Beautiful Mornin'"
483,"Oklahoma"
484,"Old Devil Moon"
484,"Ol' Man River"
485,"Oh Sheila"
486,"Old Fashioned Way, The (Les Plaisirs Demodes)"
486,"Old Lamplighter, The"
487,"OnA Clear Day (You Can See Forever)"
488,"On A Litlle Street In Singapore"
488,"On The Good Ship Lollipop"
489,"On And On"
490,"On The South Side Of Chicago"
490,"On The Street Where You Live"
491,"On The Sunny Side Of The Street"
492,"One Dozen Roses"
492,"One Mint Julep"
493,"One Song"
494,"Once In A Lifetime"
494,"Once Upon A Dream"
495,"One Voice"
496,"One, Two, Three"
496,"Only You (And You Alone)"
497,"One Toke Over The Line"
498,"Operator"
499,"Other Man's Grass Is Always Greener, The"
500,"Owner Of A Lonely Heart"
500,"Paddlin' Madelin' Home"
502,"Our Language Of Love"
502,"Out Of Nowhere"
503,"Party's Over, The"
503,"Peace In The Valley (For Me), (There'll Be)"
504,"Primrose Lane"
504,"Puff The Magic Dragon"
505,"On Top Of Spaghetti"
506,"Pack Up Your Troubles In Your Old Kit Bag And Smile, Smile, Smile"
506,"Papa Loves Mambo"
507,"Paper Doll"
508,"Papa, Won't You Dance With Me?"
508,"Paper Roses"
509,"Paperback Writer"
510,"Pearly Shells (Pupu 0 Ewa)"
510,"Pennsylvania Polka"
511,"Pennies From Heaven"
512,"Penny Lover"
513,"Penthouse Serenade"
514,"Peg"
514,"People"
515,"People Will Say We're In Love"
516,"Personality"
516,"Peter Cottontail"
517,"Petite Fleur (Little Flower)"
518,"Piano Man"
518,"Pick Yourself Up"
519,"Picnic"
520,"Pistol Packin' Mama"
520,"Ploy A Simple Melody"
521,"Poetry in Motion"
522,"Pass That Peace Pipe"
523,"Please"
523,"Pomp And Circumstance"
524,"Please Please Me"
524,"Poinciana (Song Of The Tree)"
525,"Polka Dots And Moonbeams"
526,"Please Come To Boston"
527,"Poor Butterfly"
527,"Poor People Of Paris, The (Joan's Song)"
528,"Praying For Time"
529,"Popcorn"
529,"Precious And Few"
530,"Precious Lord, Take My Hand (a.k.a. Take My Hand, Precious Lord)"
530,"Pretty Baby"
531,"Pretty Blue Eyes"
531,"Pretty Girl Is Like A Melody, A"
532,"Promise Me You'll Remember (Love Theme i from Godfather II!)"
533,"Put Your Dreams Away (For Another Day)"
533,"Puttin' On The Ritz"
534,"Put A Light In The Window"
535,"Que Sera, Sera (Whatever Will Be, Will Be)"
535,"Quiet Village"
536,"Rag Mop"
536,"Raiders March"
537,"Raindrops"
537,"Ready To Take A Chance Again (Love Theme from Foul Play)"
538,"Ready Teddy"
538,"Reason To Believe"
539,"Rebel 'Rouser"
540,"Red Roses For A Blue Lady"
540,"Red Sails In The Sunset"
541,"Reelin' In The Years"
541,"Remember"
542,"Return To Sender"
542,"Reunited"
543,"Ridin' High"
544,"Revolution"
544,"Ring Of Fire"
545,"Rikki Don't Lose That Number"
546,"Right Here Waiting"
547,"Rivers Of Babylon"
548,"River Of Dreams, The"
549,"River, Stay 'Way From My Door"
550,"Robbin's Nest"
550,"Rock-A-Bye Your Baby With A Dixie Melody"
551,"Rock And Roll is Here To Stay"
552,"Rock 'N' Roll Heaven"
553,"Rock & Roll — Part II (The Hey Song)"
553,"Rocky Top"
554,"Rock Island Line"
554,"Rocky Mountain High"
556,"Room Full Of Roses"
556,"Rosalie"
557,"Rose Of Woshington Square"
557,"Rose Room"
558,"Roxanne"
559,"Roses Of Picardy"
559,"Ruby, Don't Take Your Love To Town"
560,"Royal Garden Blues"
561,"Rubber Ball"
562,"Runaway"
562,"S-H-I-N-E"
563,"Sail Along, Silv'ry Moon"
563,"Sam, You Made The Pants Too Long"
564,"Sam's Song"
564,"Samba De Orfeu"
565,"San Antonio Rose"
566,"San Francisco Bay Blues"
566,"Satin Doll"
567,"Save The Best For Last"
568,"Saturday Night Is The Loneliest Night Of The Week"
568,"Save The Bones For Henry Jones"
569,"Save The Last Dance For Me"
570,"Say It Isn't So"
570,"Say It With Music"
571,"Sealed With A Kiss"
571,"Searchin'"
572,"Secret Agent Man"
572,"See See Rider (a.k.a. C. C. Rider)"
573,"See You Later, Alligator"
574,"Sentimental Me"
574,"Separate Lives"
575,"September Song"
576,"77 Sunset Strip"
576,"Sh-Boom (Life Could Be A Dream)"
577,"Shadows In The Moonlight"
578,"Shake, Rattle And Roll"
578,"Shall We Dance?"
579,"Shambala"
580,"She"
581,"She Believes in Me"
582,"She Didn't Say ""Yes"""
582,"Shout"
583,"Sign Of The Times"
584,"Side By Side"
584,"Silhouettes"
585,"Simply Irresistible"
586,"Since I Met You Baby"
586,"Sing, You Sinners"
587,"Sisters"
588,"Sixteen Going On Seventeen"
588,"Sixteen Reasons (Why I Love You)"
589,"Sixteen Tons"
589,"Skyliner"
590,"Sleepy Lagoon"
590,"Small World"
591,"Smile"
591,"Smile, Darn Ya, Smile"
592,"Smiles"
592,"Smoke Gets In Your Eyes"
593,"Smoke, Smoke, Smoke (That Cigarette)"
594,"So In Love"
594,"So Long, Farewell"
595,"So Long It's Been Good To Know Yuh (Dusty Old Dust)"
596,"Soft Shoe Song (The Dance My Darlin' Used To Do)"
596,"Softly As In A Morning Sunrise"
597,"Soft Lights And Sweet Music"
597,"Solitude"
598,"Some Enchanted Evening"
598,"Somebody Else Is Taking My Place"
599,"Somebody Stole My Gal"
599,"Someday My Prince Will Come"
600,"Someone Like You"
600,"Someone Saved My Life Tonight"
602,"Somewhere In Your Heart"
602,"Somewhere Out There"
603,"Song Is Ended, The (But The Melody Lingers On)"
604,"Song Is You, The"
604,"Song Of The Islands"
604,"Song Of The Jet (Samba Do Aviao) (Avion)"
605,"Sonny Boy"
606,"Soon It's Gonna Rain"
606,"Sophisticated Lady"
607,"Spaghetti Rag"
608,"Sound Of Music, The"
608,"South Of The Border (Down Mexico Way)"
609,"Speak Low"
610,"Spiders And Snakes"
610,"Splish Splash"
611,"Stand By Me"
612,"Star Spangled Banner, The"
613,"Star Trek—The Next Generation"
613,"Stor Trek, Theme from"
614,"Starting Over, (Just Like)"
615,"Stay"
616,"Stay With Me"
617,"Stay As Sweet As You Are"
617,"Steel Guitar Rag"
618,"Stayin' Alive"
619,"Stella By Starlight"
619,"Story Of My Father I"
620,"Stouthearted Men"
620,"Strange Fruit"
621,"Strange Music"
621,"String Of Pearls, A"
622,"Strawberry Fields Forever"
622,"Stroll, The"
623,"Stuck On You"
624,"Suddenly It's Spring"
624,"Suddenly There's A Valley"
625,"Sunday, Monday Or Always"
625,"Sunflower"
625,"Sunny Side Up"
626,"Sunshine On My Shoulders"
626,"Susie-Q"
627,"Surfin' U.S.A"
627,"Suspicion"
628,"Surrey With The Fringe On Top, The"
628,"Swedish Rhapsody"
629,"Sweet And Lovely"
629,"Sweet Someone"
630,"Sweet Dreams (Are Made Of This)"
630,"Sweet Home Alabama"
631,"Sweet Sue — Just You"
632,"Sweetest Sounds, The"
632,"Swinging On A Star"
633,"Tell Me On A Sunday"
634,"Southern Cross"
635,"Thing, The"
636,"Tailgate Ramble, The"
636,"Take A Letter, Maria"
637,"Take Me Home, Country Roads"
638,"Take My Breath Away (Love Theme from Top Gun)"
639,"Takes Two To Tango"
639,"Tangerine"
640,"Teach Me Tonight"
640,"Torentella"
641,"Tears On My Pillow"
641,"Thank You Girl"
642,"Tears In Heaven"
643,"Tell It Like It Is"
644,"Teddy Bear, (Let Me Be Your)"
644,"Teenager In Love, A"
645,"Terms Of Endearment, Theme from"
646,"Ten Cents A Dance"
646,"Thank God, I'm A Country Boy"
647,"Thank Heaven For Little Girls"
648,"That Old Gang Of Mine"
648,"That's Amore (That's Love)"
649,"That's Entertainment"
650,"Thanks For The Memory"
650,"That's Life"
651,"That's My Weakness Now"
652,"That Old Black Magic"
653,"Them There Eyes"
653,"Then I'll Be Happy, (1 Wanna Go Where You Go — Do What You Do)"
654,"There Goes My Baby"
654,"There's A Rainbow 'Round My Shoulder"
655,"There's A Small Hotel"
656,"There's No Business Like Show Business"
657,"These Boots Are Made For Walkin'"
657,"They Call The Wind Maria"
658,"These Foolish Things (Remind Me Of You)"
658,"They Didn't Believe Me"
659,"They Say It's Wonderful"
660,"They're Playing My Song"
661,"Think Summer"
662,"This Girl ls A Woman Now"
663,"Thirty Days Hath September"
663,"This Can't Be Love"
664,"Third Man Theme, The"
664,"This Is All I Ask (Beautiful Girls Walk A Little Slower)"
665,"This Land Is Your Land"
666,"This Magic Moment"
666,"This Nearly Was Mine"
667,"Those Were The Days"
668,"This Will Be (An Everlasting Love)"
669,"Thou Swell"
669,"Three Coins In The Fountain"
670,"Three Little Fishies (Itty Bitty Poo)"
670,"Thrill Is Gone, The"
671,"Till Waltz Again With You"
671,"Till We Meet Again"
672,"Ticket To Ride"
672,"Tiger Rag (Hold That Tiger)"
673,"Till"
674,"Romeo And Juliet (Love Theme from) (A Time For Us)"
674,"Time And Tide"
674,"Time For Us, A (Love Theme from Romeo And Juliet )"
675,"To Love Somebody"
676,"This Diamond Ring"
676,"Time Passages"
677,"Tiny Bubbles"
678,"To Be With You"
679,"Together Forever"
680,"Till The End Of Time"
680,"Till We Two Are One"
681,"To Each His Own"
681,"To Love Again"
682,"Together Wherever We Go"
682,"Too Fat Polka (She's Too Fat For Me)"
683,"Touch Of Your Lips, The"
684,"Tobacco Road"
684,"Together"
685,"Tom Dooley"
685,"Too Much"
686,"Tonight You Belong To Me"
686,"Top Hat, White Tie And Tails"
687,"Top Gun Anthem"
687,"True Love"
688,"Touch Of Your Hand, The"
688,"Try To Remember"
689,"Turn Me Loose"
689,"Turn! Turn! Turn! (To Everything There Is A Season)"
690,"Tuxedo Junction"
690,"Twilight Time"
691,"Two Sleepy People"
692,"Two Cigarettes In The Dark"
692,"Two Out Of Three Ain't Bad"
694,"Two Different Worlds"
694,"Under A Southern Sky"
694,"Unforgettable"
696,"Unexpected Song"
696,"Unicorn, The"
697,"Until It's Time For You To Go"
698,"Up Where We Belong"
698,"Vision Of Love"
700,"Varsity Drag, The"
700,"Very Thought Of You, The"
701,"Tweedle Dee"
702,"Wagon Wheels"
702,"Wah Watusi"
703,"Wait Till You See Her"
703,"Walk In The Black Forest, A (I Wolk With You)"
704,"Wake Up Little Susie"
704,"Walk On The Wild Side"
705,"Walking The Floor Over You"
706,"Walkin' My Baby Back Home"
706,"Waltz For Debby"
707,"Watch What Happens"
708,"Watusi, The"
709,"Wayward Wind, The"
709,"'Way Down Yonder in New Orleans"
710,"Way You Look Tonight, The"
710,"We Can Work It Out"
711,"We Kiss In A Shadow"
712,"Wedding March (Bridal Chorus from Lohengrin)"
712,"Wedding March (from Midsummer Night's Dream)"
713,"We Shall Overcome"
713,"What Am I Living For"
714,"What Kind Of Fool Am I?"
714,"What Now My Love"
715,"What'd I Say"
716,"What'll I Do?"
716,"What's The Reason (I'm Not Pleasin' You)"
717,"Wheel Of Fortune"
717,"When I Fall In Love"
718,"When I See An Elephant Fly"
719,"When I Toke My Sugar To Tea"
719,"When I'm Not Near The Girl I Love"
720,"When Irish Eyes Are Smiling"
720,"When My Baby Smiles At Me I"
720,"When You Wish Upon A Star"
721,"When The World Was Young"
722,"When You Wore A Tulip (And I Wore A Big Red Rose)"
722,"Where Do I Begin (Love Theme from Love Story)"
723,"Where Did Robinson Crusoe Go With Friday On Saturday Night?"
723,"Where Is Love?"
724,"Where Or When"
724,"Where The Blue Of The Night (Meets The Gold Of The Day)"
725,"Where The Boys Are"
725,"Whistle While You Work"
726,"White Cliffs Of Dover, The (There'll Be Blue Birds Over)"
726,"Whiter Shade Of Pale, A"
727,"Who Can I Turn To (When Nobody Needs Me)"
728,"Whole New World, A (Aladdin's Theme from Aladdin)"
730,"Who's Afraid Of The Big Bad Wolf?"
731,"Who Wants To Be A Millionaire?"
731,"Why"
732,"Who?"
732,"Why Do I Love You?"
732,"Wichita Lineman"
733,"Willie And The Hand Jive"
734,"Willow Weep For Me"
735,"Winds Of War (Love Theme from)"
735,"Wings"
735,"Wish Me A Rainbow"
736,"Wish You Were Here"
736,"Wishing Well"
737,"With A Hey And A Hi And A Ho Ho Ho"
738,"With A Little Bit Of Luck"
739,"With A Smile And A Song"
739,"With A Song In My Heart"
740,"With My Eyes Wide Open, I'm Dreaming"
740,"With These Hands"
741,"With One Look"
742,"Wives And Lovers (Hey, Little Girl)"
742,"Woman, Woman"
743,"Wonderful Day Like Today, A"
744,"Woman In Love"
745,"Wonderful Guy, A"
745,"World Is Waiting For The Sunrise, The"
746,"Wooden Heart"
746,"Words"
747,"Wouldn't It Be Loverly"
747,"Wrap Your Troubles In Dreams (And"
748,"Wrapped Around Your Finger"
749,"(Wreck Of The, The) ""John B"" (a.k.a. Sloop John B)"
749,"Wunderbar"
750,"Yakety Yak"
750,"Yardbird Suite"
751,"Yearning"
751,"Yes! We Have No Bananas"
752,"Yes Sir, That's My Baby"
752,"Yesterday, When I Was Young (Hier Encore)"
753,"Yesterdays"
754,"You And I"
754,"You Better Go Now"
755,"You Are Beautiful"
755,"You Brought A New Kind Of Love To Me"
756,"You Are Too Beautiful"
756,"You Came A Long Way From St. Louis"
757,"You Can't Be True Dear"
758,"You Didn't Have To Be So Nice"
758,"You Don't Know Me"
759,"You Oughta Be In Pictures"
760,"You Need Hands"
760,"You Needed Me"
761,"You Took Advantage Of Me"
762,"You Won't See Me"
763,"You'd Be So Nice To Come Home To"
763,"You're Driving Me Crazy! (What Did I Do?)"
764,"You Turned The Tables On Me"
764,"You'd Be Surprised"
765,"You'll Never Walk Alone"
766,"You're Just In Love, (I Wonder Why?)"
767,"You Gotta Pay The Band"
768,"You're My Everything"
769,"Young And Foolish"
770,"You're The Cream In My Coffee"
770,"Young Blood"
771,"Younger Than Springtime"
